1,/z/zg/zgb/zgb0_8910_1.djhtm
2,/z/zg/zgb/zgb0_1380_1.djhtm
3,/z/zg/zgb/zgb0_1470_1.djhtm
4,/z/zg/zgb/zgb0_0180_1.djhtm
5,/z/zg/zgb/zgb0_8900_1.djhtm
6,/z/zg/zgb/zgb0_0790_1.djhtm
7,/z/zg/zgb/zgb0_1590_1.djhtm
8,/z/zg/zgb/zgb0_1440_1.djhtm
9,/z/zg/zgb/zgb0_0910_1.djhtm
10,/z/zg/zgb/zgb0_1480_1.djhtm
11,/z/zg/zgb/zgb0_0840_1.djhtm
12,/z/zg/zgb/zgb0_8960_1.djhtm
13,/z/zg/zgb/zgb0_1970_1.djhtm
14,/z/zg/zgb/zgb0_1570_1.djhtm
15,/z/zg/zgb/zgb0_0850_1.djhtm
16,/z/zg/zgb/zgb0_1560_1.djhtm
17,/z/zg/zgb/zgb0_1360_1.djhtm
18,/z/zg/zgb/zgb0_1530_1.djhtm
19,/z/zg/zgb/zgb0_1660_1.djhtm
20,/z/zg/zgb/zgb0_1400_1.djhtm
21,/z/zg/zgb/zgb0_0800_1.djhtm
22,/z/zg/zgb/zgb0_1650_1.djhtm
23,/z/zg/zgb/zgb0_1520_1.djhtm
24,/z/zg/zgb/zgb0_0820_1.djhtm
25,/z/zg/zgb/zgb0_0200_1.djhtm
26,/z/zg/zgb/zgb0_0550_1.djhtm
27,/z/zg/zgb/zgb0_8440_1.djhtm
28,/z/zg/zgb/zgb0_0190_1.djhtm
29,/z/zg/zgb/zgb0_6010_1.djhtm
30,/z/zg/zgb/zgb0_1030_1.djhtm
31,/z/zg/zgb/zgb0_8890_1.djhtm
32,/z/zg/zgb/zgb0_5050_1.djhtm
33,/z/zg/zgb/zgb0_6530_1.djhtm
34,/z/zg/zgb/zgb0_5720_1.djhtm
35,/z/zg/zgb/zgb0_5260_1.djhtm
36,/z/zg/zgb/zgb0_6160_1.djhtm
37,/z/zg/zgb/zgb0_9800_1.djhtm
38,/z/zg/zgb/zgb0_5920_1.djhtm
39,/z/zg/zgb/zgb0_5180_1.djhtm
40,/z/zg/zgb/zgb0_1160_1.djhtm
41,/z/zg/zgb/zgb0_8150_1.djhtm
42,/z/zg/zgb/zgb0_1090_1.djhtm
43,/z/zg/zgb/zgb0_9A00_1.djhtm
44,/z/zg/zgb/zgb0_8840_1.djhtm
45,/z/zg/zgb/zgb0_7000_1.djhtm
46,/z/zg/zgb/zgb0_1020_1.djhtm
47,/z/zg/zgb/zgb0_1260_1.djhtm
48,/z/zg/zgb/zgb0_2180_1.djhtm
49,/z/zg/zgb/zgb0_8700_1.djhtm
50,/z/zg/zgb/zgb0_5820_1.djhtm
51,/z/zg/zgb/zgb0_7030_1.djhtm
52,/z/zg/zgb/zgb0_8880_1.djhtm
53,/z/zg/zgb/zgb0_7790_1.djhtm
54,/z/zg/zgb/zgb0_8450_1.djhtm
55,/z/zg/zgb/zgb0_5380_1.djhtm
56,/z/zg/zgb/zgb0_5850_1.djhtm
57,/z/zg/zgb/zgb0_9200_1.djhtm
58,/z/zg/zgb/zgb0_9600_1.djhtm
59,/z/zg/zgb/zgb0_5110_1.djhtm
60,/z/zg/zgb/zgb0_0160_1.djhtm
61,/z/zg/zgb/zgb0_9300_1.djhtm
62,/z/zg/zgb/zgb0_8690_1.djhtm
63,/z/zg/zgb/zgb0_9100_1.djhtm
64,/z/zg/zgb/zgb0_8800_1.djhtm
65,/z/zg/zgb/zgb0_6480_1.djhtm
66,/z/zg/zgb/zgb0_1040_1.djhtm
67,/z/zg/zgb/zgb0_6910_1.djhtm
68,/z/zg/zgb/zgb0_5500_1.djhtm
69,/z/zg/zgb/zgb0_9700_1.djhtm
70,/z/zg/zgb/zgb0_6460_1.djhtm
71,/z/zg/zgb/zgb0_8770_1.djhtm
72,/z/zg/zgb/zgb0_8520_1.djhtm
73,/z/zg/zgb/zgb0_5960_1.djhtm
74,/z/zg/zgb/zgb0_5660_1.djhtm
75,/z/zg/zgb/zgb0_7750_1.djhtm
76,/z/zg/zgb/zgb0_7120_1.djhtm
77,/z/zg/zgb/zgb0_6450_1.djhtm
78,/z/zg/zgb/zgb0_5600_1.djhtm
79,/z/zg/zgb/zgb0_7080_1.djhtm
80,/z/zg/zgb/zgb0_6380_1.djhtm
81,/z/zg/zgb/zgb0_5870_1.djhtm
82,/z/zg/zgb/zgb0_6620_1.djhtm
83,/z/zg/zgb/zgb0_8380_1.djhtm
84,/z/zg/zgb/zgb0_6660_1.djhtm
85,/z/zg/zgb/zgb0_7670_1.djhtm
86,/z/zg/zgb/zgb0_7690_1.djhtm
87,/z/zg/zgb/zgb0_7900_1.djhtm
88,/z/zg/zgb/zgb0_7020_1.djhtm
89,/z/zg/zgb/zgb0_5860_1.djhtm
90,/z/zg/zgb/zgb0_5320_1.djhtm
91,/z/zg/zgb/zgb0_7780_1.djhtm
92,/z/zg/zgb/zgb0_7530_1.djhtm
93,/z/zg/zgb/zgb0_8710_1.djhtm
94,/z/zg/zgb/zgb0_8560_1.djhtm
95,/z/zg/zgb/zgb0_6210_1.djhtm
96,/z/zg/zgb/zgb0_8490_1.djhtm
97,/z/zg/zgb/zgb0_8660_1.djhtm
98,/z/zg/zgb/zgb0_6950_1.djhtm
99,/z/zg/zgb/zgb0_7070_1.djhtm
100,/z/zg/zgb/zgb0_5690_1.djhtm
101,/z/zg/zgb/zgb0_5460_1.djhtm
102,/z/zg/zgb/zgb0_8850_1.djhtm
103,/z/zg/zgb/zgb0_3130_1.djhtm
104,/z/zg/zgb/zgb0_3150_1.djhtm
105,/z/zg/zgb/zgb0_3010_1.djhtm
106,/z/zg/zgb/zgb0_3040_1.djhtm
107,/z/zg/zgb/zgb0_0500_1.djhtm
108,/z/zg/zgb/zgb0_6110_1.djhtm
109,/z/zg/zgb/zgb0_0740_1.djhtm
110,/z/zg/zgb/zgb0_3000_1.djhtm
111,/z/zg/zgb/zgb0_1110_1.djhtm
112,/z/zg/zgb/zgb0_0650_1.djhtm
113,/z/zg/zgb/zgb0_0680_1.djhtm
114,/z/zg/zgb/zgb0_0710_1.djhtm
115,/z/zg/zgb/zgb0_8750_1.djhtm
116,/z/zg/zgb/zgb0_0760_1.djhtm
117,/z/zg/zgb/zgb0_0750_1.djhtm
118,/z/zg/zgb/zgb0_6640_1.djhtm
119,/z/zg/zgb/zgb0_0630_1.djhtm
120,/z/zg/zgb/zgb0_1230_1.djhtm
121,/z/zg/zgb/zgb0_8580_1.djhtm
122,/z/zg/zgb/zgb0_4990_1.djhtm
123,/z/zg/zgb/zgb0_2200_1.djhtm
